{"cameraMode":{"drawMode":0,"name":"Shaded","section":"Shading Mode"},"sceneLighting":true,"audioPlay":false,"sceneViewState":{"m_AlwaysRefresh":false,"showFog":true,"showSkybox":true,"showFlares":true,"showImageEffects":true,"showParticleSystems":true,"showVisualEffectGraphs":true,"m_FxEnabled":true},"in2DMode":false,"pivot":{"x":-3.1761136054992677,"y":-6.8771772384643559,"z":17.624588012695314},"rotation":{"x":-0.16117461025714875,"y":0.07158081233501435,"z":-0.011722694151103497,"w":-0.9842702746391296},"size":14.503822326660157,"orthographic":false}